{
  "hash": "7f3a70ec",
  "configHash": "25cc79cc",
  "lockfileHash": "9c4bfaeb",
  "browserHash": "e2807fd1",
  "optimized": {
    "@angular/common": {
      "src": "../../../../../node_modules/@angular/common/fesm2022/common.mjs",
      "file": "@angular_common.js",
      "fileHash": "1ffa26e9",
      "needsInterop": false
    },
    "@angular/common/http": {
      "src": "../../../../../node_modules/@angular/common/fesm2022/http.mjs",
      "file": "@angular_common_http.js",
      "fileHash": "abca6093",
      "needsInterop": false
    },
    "@angular/core": {
      "src": "../../../../../node_modules/@angular/core/fesm2022/core.mjs",
      "file": "@angular_core.js",
      "fileHash": "8948f35b",
      "needsInterop": false
    },
    "@angular/forms": {
      "src": "../../../../../node_modules/@angular/forms/fesm2022/forms.mjs",
      "file": "@angular_forms.js",
      "fileHash": "8150e6a4",
      "needsInterop": false
    },
    "@angular/platform-browser": {
      "src": "../../../../../node_modules/@angular/platform-browser/fesm2022/platform-browser.mjs",
      "file": "@angular_platform-browser.js",
      "fileHash": "f9cb8170",
      "needsInterop": false
    },
    "@angular/platform-browser/animations": {
      "src": "../../../../../node_modules/@angular/platform-browser/fesm2022/animations.mjs",
      "file": "@angular_platform-browser_animations.js",
      "fileHash": "73dfde6e",
      "needsInterop": false
    },
    "@angular/router": {
      "src": "../../../../../node_modules/@angular/router/fesm2022/router.mjs",
      "file": "@angular_router.js",
      "fileHash": "40adbda5",
      "needsInterop": false
    },
    "@ngrx/effects": {
      "src": "../../../../../node_modules/@ngrx/effects/fesm2022/ngrx-effects.mjs",
      "file": "@ngrx_effects.js",
      "fileHash": "196e0f80",
      "needsInterop": false
    },
    "@ngrx/store": {
      "src": "../../../../../node_modules/@ngrx/store/fesm2022/ngrx-store.mjs",
      "file": "@ngrx_store.js",
      "fileHash": "dd791ffd",
      "needsInterop": false
    },
    "primeng/api": {
      "src": "../../../../../node_modules/primeng/fesm2022/primeng-api.mjs",
      "file": "primeng_api.js",
      "fileHash": "089cef68",
      "needsInterop": false
    },
    "primeng/button": {
      "src": "../../../../../node_modules/primeng/fesm2022/primeng-button.mjs",
      "file": "primeng_button.js",
      "fileHash": "5e6f3fed",
      "needsInterop": false
    },
    "primeng/dialog": {
      "src": "../../../../../node_modules/primeng/fesm2022/primeng-dialog.mjs",
      "file": "primeng_dialog.js",
      "fileHash": "4cce0686",
      "needsInterop": false
    },
    "primeng/dropdown": {
      "src": "../../../../../node_modules/primeng/fesm2022/primeng-dropdown.mjs",
      "file": "primeng_dropdown.js",
      "fileHash": "14032397",
      "needsInterop": false
    },
    "primeng/inputswitch": {
      "src": "../../../../../node_modules/primeng/fesm2022/primeng-inputswitch.mjs",
      "file": "primeng_inputswitch.js",
      "fileHash": "b2c59763",
      "needsInterop": false
    },
    "primeng/inputtext": {
      "src": "../../../../../node_modules/primeng/fesm2022/primeng-inputtext.mjs",
      "file": "primeng_inputtext.js",
      "fileHash": "d2bf8eb0",
      "needsInterop": false
    },
    "primeng/knob": {
      "src": "../../../../../node_modules/primeng/fesm2022/primeng-knob.mjs",
      "file": "primeng_knob.js",
      "fileHash": "ac4dbf58",
      "needsInterop": false
    },
    "primeng/megamenu": {
      "src": "../../../../../node_modules/primeng/fesm2022/primeng-megamenu.mjs",
      "file": "primeng_megamenu.js",
      "fileHash": "0b69d166",
      "needsInterop": false
    },
    "primeng/overlaypanel": {
      "src": "../../../../../node_modules/primeng/fesm2022/primeng-overlaypanel.mjs",
      "file": "primeng_overlaypanel.js",
      "fileHash": "672572ed",
      "needsInterop": false
    },
    "primeng/password": {
      "src": "../../../../../node_modules/primeng/fesm2022/primeng-password.mjs",
      "file": "primeng_password.js",
      "fileHash": "83022e48",
      "needsInterop": false
    },
    "primeng/progressspinner": {
      "src": "../../../../../node_modules/primeng/fesm2022/primeng-progressspinner.mjs",
      "file": "primeng_progressspinner.js",
      "fileHash": "86ee7d12",
      "needsInterop": false
    },
    "primeng/table": {
      "src": "../../../../../node_modules/primeng/fesm2022/primeng-table.mjs",
      "file": "primeng_table.js",
      "fileHash": "6c954ef1",
      "needsInterop": false
    },
    "primeng/toast": {
      "src": "../../../../../node_modules/primeng/fesm2022/primeng-toast.mjs",
      "file": "primeng_toast.js",
      "fileHash": "93c52470",
      "needsInterop": false
    },
    "primeng/togglebutton": {
      "src": "../../../../../node_modules/primeng/fesm2022/primeng-togglebutton.mjs",
      "file": "primeng_togglebutton.js",
      "fileHash": "0e9eef0c",
      "needsInterop": false
    },
    "rxjs": {
      "src": "../../../../../node_modules/rxjs/dist/esm5/index.js",
      "file": "rxjs.js",
      "fileHash": "18879a23",
      "needsInterop": false
    }
  },
  "chunks": {
    "chunk-PCS2RPDE": {
      "file": "chunk-PCS2RPDE.js"
    },
    "chunk-64HVCATA": {
      "file": "chunk-64HVCATA.js"
    },
    "chunk-NKSEK3RA": {
      "file": "chunk-NKSEK3RA.js"
    },
    "chunk-BPRCTKSD": {
      "file": "chunk-BPRCTKSD.js"
    },
    "chunk-4M37SDRI": {
      "file": "chunk-4M37SDRI.js"
    },
    "chunk-3JXMBUHR": {
      "file": "chunk-3JXMBUHR.js"
    },
    "chunk-I7Y7X764": {
      "file": "chunk-I7Y7X764.js"
    },
    "chunk-IGBNO7C2": {
      "file": "chunk-IGBNO7C2.js"
    },
    "chunk-GTJQSNII": {
      "file": "chunk-GTJQSNII.js"
    },
    "chunk-65FFXNH5": {
      "file": "chunk-65FFXNH5.js"
    },
    "chunk-Q37MUTF7": {
      "file": "chunk-Q37MUTF7.js"
    },
    "chunk-32EDAJ73": {
      "file": "chunk-32EDAJ73.js"
    },
    "chunk-JZQAVOZS": {
      "file": "chunk-JZQAVOZS.js"
    },
    "chunk-YCKKIH3M": {
      "file": "chunk-YCKKIH3M.js"
    },
    "chunk-ZN4ZQIKF": {
      "file": "chunk-ZN4ZQIKF.js"
    },
    "chunk-BBUMVJIZ": {
      "file": "chunk-BBUMVJIZ.js"
    },
    "chunk-KBCLPT66": {
      "file": "chunk-KBCLPT66.js"
    },
    "chunk-V4I6KYGB": {
      "file": "chunk-V4I6KYGB.js"
    },
    "chunk-6RRBFR27": {
      "file": "chunk-6RRBFR27.js"
    },
    "chunk-5IYYOYV5": {
      "file": "chunk-5IYYOYV5.js"
    },
    "chunk-CHRFX2HE": {
      "file": "chunk-CHRFX2HE.js"
    },
    "chunk-R7GQRDZ6": {
      "file": "chunk-R7GQRDZ6.js"
    }
  }
}