{
  "hash": "ddf57ab2",
  "configHash": "36c5567e",
  "lockfileHash": "76c28643",
  "browserHash": "68c3c2c7",
  "optimized": {
    "@angular/common": {
      "src": "../../../../../node_modules/@angular/common/fesm2022/common.mjs",
      "file": "@angular_common.js",
      "fileHash": "5981c95d",
      "needsInterop": false
    },
    "@angular/common/http": {
      "src": "../../../../../node_modules/@angular/common/fesm2022/http.mjs",
      "file": "@angular_common_http.js",
      "fileHash": "37863558",
      "needsInterop": false
    },
    "@angular/core": {
      "src": "../../../../../node_modules/@angular/core/fesm2022/core.mjs",
      "file": "@angular_core.js",
      "fileHash": "981f4305",
      "needsInterop": false
    },
    "@angular/forms": {
      "src": "../../../../../node_modules/@angular/forms/fesm2022/forms.mjs",
      "file": "@angular_forms.js",
      "fileHash": "efe6229d",
      "needsInterop": false
    },
    "@angular/platform-browser": {
      "src": "../../../../../node_modules/@angular/platform-browser/fesm2022/platform-browser.mjs",
      "file": "@angular_platform-browser.js",
      "fileHash": "1018852c",
      "needsInterop": false
    },
    "@angular/platform-browser/animations": {
      "src": "../../../../../node_modules/@angular/platform-browser/fesm2022/animations.mjs",
      "file": "@angular_platform-browser_animations.js",
      "fileHash": "9a0089b4",
      "needsInterop": false
    },
    "@angular/router": {
      "src": "../../../../../node_modules/@angular/router/fesm2022/router.mjs",
      "file": "@angular_router.js",
      "fileHash": "95c2681d",
      "needsInterop": false
    },
    "leaflet": {
      "src": "../../../../../node_modules/leaflet/dist/leaflet-src.js",
      "file": "leaflet.js",
      "fileHash": "126be6f7",
      "needsInterop": true
    },
    "leaflet-control-geocoder": {
      "src": "../../../../../node_modules/leaflet-control-geocoder/dist/Control.Geocoder.modern.js",
      "file": "leaflet-control-geocoder.js",
      "fileHash": "835e0b77",
      "needsInterop": false
    },
    "leaflet.markercluster": {
      "src": "../../../../../node_modules/leaflet.markercluster/dist/leaflet.markercluster-src.js",
      "file": "leaflet__markercluster.js",
      "fileHash": "c21be5ca",
      "needsInterop": true
    },
    "moment": {
      "src": "../../../../../node_modules/moment/moment.js",
      "file": "moment.js",
      "fileHash": "5c276bc1",
      "needsInterop": true
    },
    "primeng/accordion": {
      "src": "../../../../../node_modules/primeng/fesm2022/primeng-accordion.mjs",
      "file": "primeng_accordion.js",
      "fileHash": "b6a3e792",
      "needsInterop": false
    },
    "primeng/api": {
      "src": "../../../../../node_modules/primeng/fesm2022/primeng-api.mjs",
      "file": "primeng_api.js",
      "fileHash": "9d2d67a1",
      "needsInterop": false
    },
    "primeng/autocomplete": {
      "src": "../../../../../node_modules/primeng/fesm2022/primeng-autocomplete.mjs",
      "file": "primeng_autocomplete.js",
      "fileHash": "938e09b3",
      "needsInterop": false
    },
    "primeng/avatar": {
      "src": "../../../../../node_modules/primeng/fesm2022/primeng-avatar.mjs",
      "file": "primeng_avatar.js",
      "fileHash": "bafeece9",
      "needsInterop": false
    },
    "primeng/badge": {
      "src": "../../../../../node_modules/primeng/fesm2022/primeng-badge.mjs",
      "file": "primeng_badge.js",
      "fileHash": "56350762",
      "needsInterop": false
    },
    "primeng/button": {
      "src": "../../../../../node_modules/primeng/fesm2022/primeng-button.mjs",
      "file": "primeng_button.js",
      "fileHash": "fbf3cad2",
      "needsInterop": false
    },
    "primeng/calendar": {
      "src": "../../../../../node_modules/primeng/fesm2022/primeng-calendar.mjs",
      "file": "primeng_calendar.js",
      "fileHash": "a0c91013",
      "needsInterop": false
    },
    "primeng/card": {
      "src": "../../../../../node_modules/primeng/fesm2022/primeng-card.mjs",
      "file": "primeng_card.js",
      "fileHash": "5c3c6473",
      "needsInterop": false
    },
    "primeng/checkbox": {
      "src": "../../../../../node_modules/primeng/fesm2022/primeng-checkbox.mjs",
      "file": "primeng_checkbox.js",
      "fileHash": "e0a83169",
      "needsInterop": false
    },
    "primeng/confirmdialog": {
      "src": "../../../../../node_modules/primeng/fesm2022/primeng-confirmdialog.mjs",
      "file": "primeng_confirmdialog.js",
      "fileHash": "7486ffa1",
      "needsInterop": false
    },
    "primeng/dialog": {
      "src": "../../../../../node_modules/primeng/fesm2022/primeng-dialog.mjs",
      "file": "primeng_dialog.js",
      "fileHash": "fad0ca17",
      "needsInterop": false
    },
    "primeng/dropdown": {
      "src": "../../../../../node_modules/primeng/fesm2022/primeng-dropdown.mjs",
      "file": "primeng_dropdown.js",
      "fileHash": "8ae6bff4",
      "needsInterop": false
    },
    "primeng/fileupload": {
      "src": "../../../../../node_modules/primeng/fesm2022/primeng-fileupload.mjs",
      "file": "primeng_fileupload.js",
      "fileHash": "9c63840d",
      "needsInterop": false
    },
    "primeng/galleria": {
      "src": "../../../../../node_modules/primeng/fesm2022/primeng-galleria.mjs",
      "file": "primeng_galleria.js",
      "fileHash": "54b6e3f5",
      "needsInterop": false
    },
    "primeng/image": {
      "src": "../../../../../node_modules/primeng/fesm2022/primeng-image.mjs",
      "file": "primeng_image.js",
      "fileHash": "c73374c4",
      "needsInterop": false
    },
    "primeng/inputnumber": {
      "src": "../../../../../node_modules/primeng/fesm2022/primeng-inputnumber.mjs",
      "file": "primeng_inputnumber.js",
      "fileHash": "2312ff80",
      "needsInterop": false
    },
    "primeng/inputswitch": {
      "src": "../../../../../node_modules/primeng/fesm2022/primeng-inputswitch.mjs",
      "file": "primeng_inputswitch.js",
      "fileHash": "ec2916e7",
      "needsInterop": false
    },
    "primeng/inputtext": {
      "src": "../../../../../node_modules/primeng/fesm2022/primeng-inputtext.mjs",
      "file": "primeng_inputtext.js",
      "fileHash": "e22d197f",
      "needsInterop": false
    },
    "primeng/inputtextarea": {
      "src": "../../../../../node_modules/primeng/fesm2022/primeng-inputtextarea.mjs",
      "file": "primeng_inputtextarea.js",
      "fileHash": "b13aca63",
      "needsInterop": false
    },
    "primeng/keyfilter": {
      "src": "../../../../../node_modules/primeng/fesm2022/primeng-keyfilter.mjs",
      "file": "primeng_keyfilter.js",
      "fileHash": "3d9c1cf0",
      "needsInterop": false
    },
    "primeng/menu": {
      "src": "../../../../../node_modules/primeng/fesm2022/primeng-menu.mjs",
      "file": "primeng_menu.js",
      "fileHash": "f53e97ee",
      "needsInterop": false
    },
    "primeng/menubar": {
      "src": "../../../../../node_modules/primeng/fesm2022/primeng-menubar.mjs",
      "file": "primeng_menubar.js",
      "fileHash": "ac50aff5",
      "needsInterop": false
    },
    "primeng/multiselect": {
      "src": "../../../../../node_modules/primeng/fesm2022/primeng-multiselect.mjs",
      "file": "primeng_multiselect.js",
      "fileHash": "227f048e",
      "needsInterop": false
    },
    "primeng/overlaypanel": {
      "src": "../../../../../node_modules/primeng/fesm2022/primeng-overlaypanel.mjs",
      "file": "primeng_overlaypanel.js",
      "fileHash": "1e9219b0",
      "needsInterop": false
    },
    "primeng/paginator": {
      "src": "../../../../../node_modules/primeng/fesm2022/primeng-paginator.mjs",
      "file": "primeng_paginator.js",
      "fileHash": "9aa5977f",
      "needsInterop": false
    },
    "primeng/panel": {
      "src": "../../../../../node_modules/primeng/fesm2022/primeng-panel.mjs",
      "file": "primeng_panel.js",
      "fileHash": "6ee16b96",
      "needsInterop": false
    },
    "primeng/password": {
      "src": "../../../../../node_modules/primeng/fesm2022/primeng-password.mjs",
      "file": "primeng_password.js",
      "fileHash": "004722eb",
      "needsInterop": false
    },
    "primeng/progressbar": {
      "src": "../../../../../node_modules/primeng/fesm2022/primeng-progressbar.mjs",
      "file": "primeng_progressbar.js",
      "fileHash": "c209f2c7",
      "needsInterop": false
    },
    "primeng/progressspinner": {
      "src": "../../../../../node_modules/primeng/fesm2022/primeng-progressspinner.mjs",
      "file": "primeng_progressspinner.js",
      "fileHash": "5c4d2429",
      "needsInterop": false
    },
    "primeng/radiobutton": {
      "src": "../../../../../node_modules/primeng/fesm2022/primeng-radiobutton.mjs",
      "file": "primeng_radiobutton.js",
      "fileHash": "23f37e33",
      "needsInterop": false
    },
    "primeng/sidebar": {
      "src": "../../../../../node_modules/primeng/fesm2022/primeng-sidebar.mjs",
      "file": "primeng_sidebar.js",
      "fileHash": "5f86ac6e",
      "needsInterop": false
    },
    "primeng/slider": {
      "src": "../../../../../node_modules/primeng/fesm2022/primeng-slider.mjs",
      "file": "primeng_slider.js",
      "fileHash": "8ba89571",
      "needsInterop": false
    },
    "primeng/splitbutton": {
      "src": "../../../../../node_modules/primeng/fesm2022/primeng-splitbutton.mjs",
      "file": "primeng_splitbutton.js",
      "fileHash": "860a02ea",
      "needsInterop": false
    },
    "primeng/table": {
      "src": "../../../../../node_modules/primeng/fesm2022/primeng-table.mjs",
      "file": "primeng_table.js",
      "fileHash": "52669e60",
      "needsInterop": false
    },
    "primeng/tabmenu": {
      "src": "../../../../../node_modules/primeng/fesm2022/primeng-tabmenu.mjs",
      "file": "primeng_tabmenu.js",
      "fileHash": "fc100ccf",
      "needsInterop": false
    },
    "primeng/tabview": {
      "src": "../../../../../node_modules/primeng/fesm2022/primeng-tabview.mjs",
      "file": "primeng_tabview.js",
      "fileHash": "ed4c21db",
      "needsInterop": false
    },
    "primeng/tag": {
      "src": "../../../../../node_modules/primeng/fesm2022/primeng-tag.mjs",
      "file": "primeng_tag.js",
      "fileHash": "f438a329",
      "needsInterop": false
    },
    "primeng/tooltip": {
      "src": "../../../../../node_modules/primeng/fesm2022/primeng-tooltip.mjs",
      "file": "primeng_tooltip.js",
      "fileHash": "d27d1d76",
      "needsInterop": false
    }
  },
  "chunks": {
    "chunk-IBD5E5KG": {
      "file": "chunk-IBD5E5KG.js"
    },
    "chunk-74PYGQEO": {
      "file": "chunk-74PYGQEO.js"
    },
    "chunk-TUE2XF6B": {
      "file": "chunk-TUE2XF6B.js"
    },
    "chunk-TVCUEFQV": {
      "file": "chunk-TVCUEFQV.js"
    },
    "chunk-XN4Y6IKJ": {
      "file": "chunk-XN4Y6IKJ.js"
    },
    "chunk-3XJY4K7R": {
      "file": "chunk-3XJY4K7R.js"
    },
    "chunk-QYW2LRPV": {
      "file": "chunk-QYW2LRPV.js"
    },
    "chunk-YXH4U5FU": {
      "file": "chunk-YXH4U5FU.js"
    },
    "chunk-EY7OKJLP": {
      "file": "chunk-EY7OKJLP.js"
    },
    "chunk-QSNUPLKX": {
      "file": "chunk-QSNUPLKX.js"
    },
    "chunk-SGF4M7T2": {
      "file": "chunk-SGF4M7T2.js"
    },
    "chunk-XFFFO5WI": {
      "file": "chunk-XFFFO5WI.js"
    },
    "chunk-YZKHG4XA": {
      "file": "chunk-YZKHG4XA.js"
    },
    "chunk-7E4JGQSL": {
      "file": "chunk-7E4JGQSL.js"
    },
    "chunk-VLYK7TC3": {
      "file": "chunk-VLYK7TC3.js"
    },
    "chunk-3WD7UFKB": {
      "file": "chunk-3WD7UFKB.js"
    },
    "chunk-7W4DRFA5": {
      "file": "chunk-7W4DRFA5.js"
    },
    "chunk-6LPOQJWH": {
      "file": "chunk-6LPOQJWH.js"
    },
    "chunk-SJSJYM7L": {
      "file": "chunk-SJSJYM7L.js"
    },
    "chunk-3ZCXQJQV": {
      "file": "chunk-3ZCXQJQV.js"
    },
    "chunk-4RMBBCER": {
      "file": "chunk-4RMBBCER.js"
    },
    "chunk-7MN53QO5": {
      "file": "chunk-7MN53QO5.js"
    },
    "chunk-UT6VC2SP": {
      "file": "chunk-UT6VC2SP.js"
    },
    "chunk-NALRWAY5": {
      "file": "chunk-NALRWAY5.js"
    },
    "chunk-6D4HCYGP": {
      "file": "chunk-6D4HCYGP.js"
    },
    "chunk-WYAWHSF7": {
      "file": "chunk-WYAWHSF7.js"
    },
    "chunk-JGGWFF5E": {
      "file": "chunk-JGGWFF5E.js"
    },
    "chunk-GXHMSPRK": {
      "file": "chunk-GXHMSPRK.js"
    },
    "chunk-LIZXPNWJ": {
      "file": "chunk-LIZXPNWJ.js"
    },
    "chunk-4VGWQ4L7": {
      "file": "chunk-4VGWQ4L7.js"
    },
    "chunk-ECTJCBTB": {
      "file": "chunk-ECTJCBTB.js"
    },
    "chunk-NKQEWZDW": {
      "file": "chunk-NKQEWZDW.js"
    },
    "chunk-JZQAVOZS": {
      "file": "chunk-JZQAVOZS.js"
    },
    "chunk-E2NJHK34": {
      "file": "chunk-E2NJHK34.js"
    },
    "chunk-IFPCQ2RE": {
      "file": "chunk-IFPCQ2RE.js"
    },
    "chunk-34TDFX6S": {
      "file": "chunk-34TDFX6S.js"
    },
    "chunk-GRRFGR25": {
      "file": "chunk-GRRFGR25.js"
    },
    "chunk-PZQZAEDH": {
      "file": "chunk-PZQZAEDH.js"
    }
  }
}